{
  "token_acc":1.0,
  "token_p":1.0,
  "token_r":1.0,
  "token_f":1.0,
  "cats_score":0.9302173494,
  "cats_score_desc":"macro F",
  "cats_micro_p":0.9517817662,
  "cats_micro_r":0.914010054,
  "cats_micro_f":0.9325135785,
  "cats_macro_p":0.9510607751,
  "cats_macro_r":0.9110517518,
  "cats_macro_f":0.9302173494,
  "cats_macro_auc":0.980626741,
  "cats_f_per_type":{
    "rec.sport.hockey":{
      "p":0.987600744,
      "r":0.9448398577,
      "f":0.9657471961
    },
    "comp.sys.ibm.pc.hardware":{
      "p":0.9330855019,
      "r":0.8927089508,
      "f":0.9124507725
    },
    "talk.politics.mideast":{
      "p":0.9769673704,
      "r":0.9425925926,
      "f":0.959472196
    },
    "comp.sys.mac.hardware":{
      "p":0.975832789,
      "r":0.9104204753,
      "f":0.9419924338
    },
    "sci.electronics":{
      "p":0.9303303303,
      "r":0.9181979846,
      "f":0.9242243437
    },
    "talk.religion.misc":{
      "p":0.9028384279,
      "r":0.7831439394,
      "f":0.8387423935
    },
    "sci.crypt":{
      "p":0.9569892473,
      "r":0.9518716578,
      "f":0.9544235925
    },
    "sci.med":{
      "p":0.9001122334,
      "r":0.9485511532,
      "f":0.9236970919
    },
    "alt.atheism":{
      "p":0.9031548056,
      "r":0.9071481209,
      "f":0.9051470588
    },
    "rec.motorcycles":{
      "p":0.940688019,
      "r":0.9351415094,
      "f":0.9379065642
    },
    "rec.autos":{
      "p":0.9614678899,
      "r":0.9373881932,
      "f":0.9492753623
    },
    "comp.windows.x":{
      "p":0.9447480267,
      "r":0.9261904762,
      "f":0.9353772167
    },
    "comp.graphics":{
      "p":0.9553686934,
      "r":0.8870870871,
      "f":0.9199626285
    },
    "sci.space":{
      "p":0.9800771208,
      "r":0.9186746988,
      "f":0.9483830846
    },
    "talk.politics.guns":{
      "p":0.9523494375,
      "r":0.925997426,
      "f":0.9389885808
    },
    "misc.forsale":{
      "p":0.953346856,
      "r":0.8629130967,
      "f":0.9058785737
    },
    "rec.sport.baseball":{
      "p":0.98106292,
      "r":0.9514218009,
      "f":0.9660150376
    },
    "talk.politics.misc":{
      "p":0.9695688926,
      "r":0.8762414057,
      "f":0.9205457464
    },
    "comp.os.ms-windows.misc":{
      "p":0.9568062827,
      "r":0.8823174412,
      "f":0.9180533752
    },
    "soc.religion.christian":{
      "p":0.958819914,
      "r":0.9181871689,
      "f":0.9380637402
    }
  },
  "cats_auc_per_type":{
    "rec.sport.hockey":0.9900992135,
    "comp.sys.ibm.pc.hardware":0.9747120268,
    "talk.politics.mideast":0.990120026,
    "comp.sys.mac.hardware":0.9856570726,
    "sci.electronics":0.9855471813,
    "talk.religion.misc":0.9363506018,
    "sci.crypt":0.9879481373,
    "sci.med":0.9871945349,
    "alt.atheism":0.9691678046,
    "rec.motorcycles":0.9939555272,
    "rec.autos":0.9921491465,
    "comp.windows.x":0.9913470207,
    "comp.graphics":0.9731505697,
    "sci.space":0.9883913201,
    "talk.politics.guns":0.9833011657,
    "misc.forsale":0.9684564277,
    "rec.sport.baseball":0.9988051683,
    "talk.politics.misc":0.9603884241,
    "comp.os.ms-windows.misc":0.965243738,
    "soc.religion.christian":0.9905497132
  },
  "speed":133945.1528599667
}